drama,comedy,action,romance,thriller
3.865098039,3.133529412,2.841568627,3.387254902,3.870196078
4.179354839,3.371612903,3.43,4.301612903,3.932258065
4.120862069,3.108793103,3.798793103,3.127931034,3.779310345
3.825,3.765,1.97,4.065,0.625
3.490344828,2.286551724,2.373103448,3.318965517,2.659310345
4.420434783,4.207826087,4.360434783,4.344347826,4.330869565
