Drama,Comedy,Action,Romance,Thriller
3.4925,2.43,2.916875,1.6925,3.31125
4.052809917,3.906942149,3.895867769,3.993553719,3.999917355
3.863464052,3.032352941,2.978496732,3.681503268,3.30751634
2.292173913,2.833478261,2.375217391,3.115217391,2.822608696
3.455841584,3.071485149,2.88039604,3.540792079,3.076831683
4.399821429,4.250178571,4.309285714,4.310892857,4.393571429
